Patient_ID,SMA_Type,SMN2_Copies,Age_Onset_mo,Treatment_Delay_mo,Age_Treatment_Start_mo,Baseline_CMAP_mV,Baseline_Motor_Score,Motor_Scale,Normalized_Base_Score,Nutritional_ZScore,NIV_Hours_Daily,Scoliosis_Cobb_deg,Treatment,Delta_Score_24m,Score_0m,Score_6m,Score_12m,Score_18m,Score_24m,Delta_Score_6m,Delta_Score_12m,Delta_Score_18m,Is_Responder
SMA1_001,Type 1,2,4.32,6.0,10.32,0.11,13.1,CHOP-INTEND,20.48,-0.69,3.7,7.6,Nusinersen,7.26,13.1,16.1,18.1,19.2,20.4,3.0,5.0,6.1,True
SMA1_002,Type 1,3,3.47,0.83,4.3,0.58,25.0,CHOP-INTEND,39.06,-2.18,0.1,0.6,Nusinersen,9.27,25.0,28.5,32.3,33.3,34.3,3.5,7.3,8.3,True
SMA1_003,Type 1,2,4.96,2.62,7.58,0.49,21.2,CHOP-INTEND,33.19,0.13,0.6,9.2,Risdiplam,10.68,21.2,25.0,29.9,30.9,31.9,3.8,8.7,9.7,True
SMA1_004,Type 1,2,0.69,0.52,1.21,0.69,29.4,CHOP-INTEND,45.99,-0.48,15.1,7.7,Risdiplam,10.18,29.4,34.2,37.8,38.3,39.6,4.8,8.4,8.9,True
SMA1_005,Type 1,2,1.01,5.86,6.87,0.1,14.4,CHOP-INTEND,22.56,-1.37,12.9,14.0,Risdiplam,3.03,14.4,15.8,16.8,17.1,17.4,1.4,2.4,2.7,False
SMA1_006,Type 1,2,1.44,4.07,5.51,0.84,22.3,CHOP-INTEND,34.78,-1.77,1.2,2.3,Nusinersen,6.63,22.3,25.3,27.1,28.6,28.9,3.0,4.8,6.3,True
SMA1_007,Type 1,2,0.59,1.24,1.84,0.54,23.3,CHOP-INTEND,36.46,-1.74,10.6,5.3,Nusinersen,7.51,23.3,26.8,29.2,30.0,30.8,3.5,5.9,6.7,True
SMA1_008,Type 1,3,2.27,4.51,6.78,0.75,29.8,CHOP-INTEND,46.5,-1.14,4.8,5.6,Risdiplam,14.92,29.8,35.9,40.6,43.5,44.7,6.1,10.8,13.7,True
SMA1_009,Type 1,2,1.08,1.68,2.75,0.51,22.9,CHOP-INTEND,35.85,-1.38,7.1,9.5,Risdiplam,10.12,22.9,26.8,30.5,31.7,33.0,3.9,7.6,8.8,True
SMA1_010,Type 1,2,5.34,4.21,9.56,0.35,16.1,CHOP-INTEND,25.17,-0.44,3.3,4.2,Untreated,-2.5,16.1,15.2,14.2,13.9,13.6,-0.9,-1.9,-2.2,False
SMA1_011,Type 1,2,1.21,1.84,3.05,0.62,27.0,CHOP-INTEND,42.21,-1.47,2.5,1.9,Nusinersen,9.31,27.0,30.4,33.8,35.3,36.3,3.4,6.8,8.3,True
SMA1_012,Type 1,3,1.73,1.9,3.63,0.59,23.6,CHOP-INTEND,36.89,-0.8,2.3,10.2,Risdiplam,14.63,23.6,30.6,34.0,36.5,38.2,7.0,10.4,12.9,True
SMA1_013,Type 1,2,3.6,1.27,4.86,0.34,25.2,CHOP-INTEND,39.44,-1.22,3.8,4.9,Nusinersen,8.05,25.2,28.4,31.5,32.7,33.2,3.2,6.3,7.5,True
SMA1_014,Type 1,2,0.81,2.87,3.68,1.15,19.8,CHOP-INTEND,30.98,-0.98,0.5,9.1,Risdiplam,6.7,19.8,23.0,25.4,25.6,26.5,3.2,5.6,5.8,True
SMA1_015,Type 1,2,0.56,2.01,2.57,1.66,33.0,CHOP-INTEND,51.51,-1.38,0.1,8.7,Onasemnogene,12.02,33.0,37.9,42.7,43.9,45.0,4.9,9.7,10.9,True
SMA1_016,Type 1,2,2.45,2.67,5.12,0.4,20.0,CHOP-INTEND,31.19,-0.63,1.3,5.9,Risdiplam,7.29,20.0,22.8,25.7,26.5,27.3,2.8,5.7,6.5,True
SMA1_017,Type 1,2,2.57,0.4,2.98,0.44,25.8,CHOP-INTEND,40.29,-0.62,4.3,5.4,Untreated,-7.4,25.8,23.1,19.9,19.0,18.4,-2.7,-5.9,-6.8,False
SMA1_018,Type 1,2,3.53,4.31,7.85,0.6,20.6,CHOP-INTEND,32.18,-0.83,2.0,4.6,Nusinersen,2.73,20.6,21.7,22.7,23.0,23.3,1.1,2.1,2.4,False
SMA1_019,Type 1,2,3.03,5.04,8.07,0.31,8.6,CHOP-INTEND,13.46,-0.71,5.1,5.9,Nusinersen,12.4,8.6,14.7,18.2,20.1,21.0,6.1,9.6,11.5,True
SMA1_020,Type 1,2,2.63,2.0,4.64,0.21,18.8,CHOP-INTEND,29.3,-1.96,12.3,9.0,Onasemnogene,11.53,18.8,23.0,28.0,28.9,30.3,4.2,9.2,10.1,True
SMA1_021,Type 1,2,1.31,6.59,7.91,0.1,16.8,CHOP-INTEND,26.18,-0.94,1.5,3.2,Risdiplam,3.03,16.8,18.4,18.9,19.6,19.8,1.6,2.1,2.8,False
SMA1_022,Type 1,2,2.53,5.63,8.15,0.65,20.3,CHOP-INTEND,31.66,-0.2,5.1,6.4,Nusinersen,5.13,20.3,22.2,24.2,24.9,25.4,1.9,3.9,4.6,True
SMA1_023,Type 1,2,2.63,2.91,5.54,0.69,23.0,CHOP-INTEND,35.95,-0.81,2.1,2.1,Nusinersen,10.27,23.0,27.7,30.8,31.8,33.3,4.7,7.8,8.8,True
SMA1_024,Type 1,2,1.28,4.54,5.82,0.1,10.9,CHOP-INTEND,16.99,-2.02,8.3,2.5,Nusinersen,6.34,10.9,13.5,15.7,16.7,17.2,2.6,4.8,5.8,True
SMA1_025,Type 1,2,5.8,3.78,9.58,0.24,20.6,CHOP-INTEND,32.18,-1.24,1.9,5.9,Onasemnogene,4.03,20.6,22.2,23.6,24.2,24.6,1.6,3.0,3.6,True
SMA1_026,Type 1,2,2.94,0.3,3.24,0.42,28.2,CHOP-INTEND,44.05,-0.9,4.1,0.0,Nusinersen,9.81,28.2,31.7,35.9,36.5,38.0,3.5,7.7,8.3,True
SMA1_027,Type 1,2,1.03,1.48,2.5,0.78,25.1,CHOP-INTEND,39.15,-1.81,6.4,13.2,Nusinersen,12.65,25.1,30.4,34.3,36.6,37.8,5.3,9.2,11.5,True
SMA1_028,Type 1,2,3.54,3.05,6.6,0.16,24.1,CHOP-INTEND,37.67,-2.29,11.3,1.8,Nusinersen,10.29,24.1,27.8,31.7,33.7,34.4,3.7,7.6,9.6,True
SMA1_029,Type 1,2,3.92,5.25,9.17,0.1,12.3,CHOP-INTEND,19.15,-1.45,5.2,5.9,Nusinersen,4.72,12.3,13.9,15.8,16.7,17.0,1.6,3.5,4.4,True
SMA1_030,Type 1,2,2.83,0.49,3.32,1.08,25.9,CHOP-INTEND,40.53,-1.79,2.4,10.1,Nusinersen,14.12,25.9,31.9,37.1,38.4,40.0,6.0,11.2,12.5,True
SMA1_031,Type 1,2,1.83,0.32,2.15,0.38,15.2,CHOP-INTEND,23.75,-1.21,3.4,3.0,Risdiplam,12.17,15.2,19.9,24.4,26.2,27.4,4.7,9.2,11.0,True
SMA1_032,Type 1,2,1.24,1.76,2.99,0.74,27.9,CHOP-INTEND,43.52,-2.47,7.1,0.0,Nusinersen,11.81,27.9,33.9,36.7,38.5,39.7,6.0,8.8,10.6,True
SMA1_033,Type 1,2,2.06,0.2,2.26,0.43,26.8,CHOP-INTEND,41.89,-0.75,3.0,4.4,Onasemnogene,13.71,26.8,33.2,37.0,39.8,40.5,6.4,10.2,13.0,True
SMA1_034,Type 1,3,2.71,1.71,4.42,0.57,22.7,CHOP-INTEND,35.54,-1.71,0.1,2.9,Nusinersen,6.08,22.7,25.8,27.3,28.0,28.8,3.1,4.6,5.3,True
SMA1_035,Type 1,3,2.19,2.4,4.59,0.62,21.4,CHOP-INTEND,33.47,-0.4,9.4,0.0,Risdiplam,15.78,21.4,27.5,34.4,35.4,37.2,6.1,13.0,14.0,True
SMA1_036,Type 1,2,5.09,0.8,5.88,0.9,23.1,CHOP-INTEND,36.14,-1.42,4.1,7.0,Onasemnogene,13.24,23.1,28.8,32.5,34.7,36.3,5.7,9.4,11.6,True
SMA1_037,Type 1,2,3.22,1.75,4.97,1.18,29.3,CHOP-INTEND,45.85,-1.22,4.0,6.7,Risdiplam,9.58,29.3,32.1,36.8,37.5,38.9,2.8,7.5,8.2,True
SMA1_038,Type 1,2,1.13,3.55,4.69,1.01,20.9,CHOP-INTEND,32.73,-1.34,2.1,10.0,Risdiplam,3.29,20.9,22.2,23.5,23.9,24.2,1.3,2.6,3.0,False
SMA1_039,Type 1,2,0.94,1.18,2.12,0.49,20.9,CHOP-INTEND,32.63,-1.75,3.8,2.1,Nusinersen,11.24,20.9,25.7,29.0,31.6,32.1,4.8,8.1,10.7,True
SMA1_040,Type 1,2,2.96,0.92,3.88,0.81,21.9,CHOP-INTEND,34.28,0.78,1.8,0.4,Nusinersen,13.72,21.9,27.8,33.1,34.2,35.6,5.9,11.2,12.3,True
SMA1_041,Type 1,2,1.85,1.69,3.54,0.33,18.2,CHOP-INTEND,28.51,-1.6,3.7,4.6,Risdiplam,15.24,18.2,24.6,30.1,31.5,33.4,6.4,11.9,13.3,True
SMA1_042,Type 1,2,3.4,0.72,4.12,0.44,16.9,CHOP-INTEND,26.46,-0.38,0.4,5.7,Untreated,-0.23,16.9,16.8,16.7,16.7,16.7,-0.1,-0.2,-0.2,False
SMA1_043,Type 1,2,2.94,6.28,9.22,1.12,12.9,CHOP-INTEND,20.17,-2.07,5.0,9.2,Risdiplam,8.35,12.9,15.3,18.6,20.6,21.2,2.4,5.7,7.7,True
SMA1_044,Type 1,3,2.06,1.88,3.95,0.51,24.6,CHOP-INTEND,38.49,-0.9,18.0,10.9,Risdiplam,4.9,24.6,26.7,28.4,29.0,29.5,2.1,3.8,4.4,True
SMA1_045,Type 1,2,1.14,1.01,2.15,0.29,26.2,CHOP-INTEND,41.0,-0.82,0.2,10.3,Onasemnogene,11.06,26.2,31.1,34.6,36.6,37.3,4.9,8.4,10.4,True
SMA1_046,Type 1,2,0.61,2.15,2.77,0.31,20.8,CHOP-INTEND,32.58,-1.22,13.2,7.0,Risdiplam,6.14,20.8,23.8,25.2,26.2,26.9,3.0,4.4,5.4,True
SMA1_047,Type 1,2,2.5,1.68,4.18,0.23,18.7,CHOP-INTEND,29.23,-1.66,1.8,8.8,Nusinersen,9.78,18.7,23.0,25.7,27.4,28.5,4.3,7.0,8.7,True
SMA1_048,Type 1,2,0.8,1.54,2.34,0.32,31.9,CHOP-INTEND,49.89,-1.41,7.2,3.8,Risdiplam,2.55,31.9,33.0,33.9,34.2,34.4,1.1,2.0,2.3,False
SMA1_049,Type 1,2,1.11,1.18,2.29,0.68,22.3,CHOP-INTEND,34.81,-1.52,5.3,6.6,Untreated,-4.79,22.3,20.0,19.0,17.9,17.5,-2.3,-3.3,-4.4,False
SMA1_050,Type 1,2,2.4,1.13,3.53,0.52,29.0,CHOP-INTEND,45.25,0.72,2.9,1.8,Nusinersen,6.26,29.0,30.9,33.8,34.6,35.3,1.9,4.8,5.6,True
SMA1_051,Type 1,3,2.25,0.41,2.67,1.7,43.4,CHOP-INTEND,67.76,-1.22,4.7,6.2,Risdiplam,5.36,43.4,45.5,47.4,48.0,48.8,2.1,4.0,4.6,True
SMA1_052,Type 1,2,0.88,4.54,5.42,0.92,13.7,CHOP-INTEND,21.41,-0.78,8.6,6.3,Nusinersen,6.29,13.7,16.1,18.6,19.8,20.0,2.4,4.9,6.1,True
SMA1_053,Type 1,3,4.18,2.78,6.96,0.67,28.3,CHOP-INTEND,44.23,0.23,1.8,12.0,Risdiplam,7.79,28.3,31.6,34.1,35.3,36.1,3.3,5.8,7.0,True
SMA1_054,Type 1,3,4.12,2.31,6.43,0.63,26.6,CHOP-INTEND,41.6,-1.9,1.4,5.2,Nusinersen,10.24,26.6,29.8,34.5,35.8,36.8,3.2,7.9,9.2,True
SMA1_055,Type 1,2,3.02,1.66,4.67,0.46,20.7,CHOP-INTEND,32.3,-1.17,3.9,6.3,Risdiplam,0.83,20.7,21.1,21.3,21.5,21.5,0.4,0.6,0.8,False
SMA1_056,Type 1,3,3.01,0.78,3.8,1.01,35.3,CHOP-INTEND,55.22,-1.42,5.8,6.8,Onasemnogene,4.05,35.3,37.0,38.4,38.9,39.3,1.7,3.1,3.6,True
SMA1_057,Type 1,2,3.02,0.96,3.97,0.41,21.6,CHOP-INTEND,33.79,-1.27,5.0,4.4,Nusinersen,8.48,21.6,25.3,28.2,29.2,30.1,3.7,6.6,7.6,True
SMA1_058,Type 1,2,3.9,0.46,4.36,0.77,24.6,CHOP-INTEND,38.48,-1.34,5.6,3.2,Risdiplam,9.1,24.6,28.5,31.6,32.6,33.7,3.9,7.0,8.0,True
SMA1_059,Type 1,2,3.27,1.06,4.33,0.51,23.7,CHOP-INTEND,37.06,-1.79,2.0,10.5,Onasemnogene,12.38,23.7,29.7,33.3,35.0,36.1,6.0,9.6,11.3,True
SMA1_060,Type 1,2,1.22,0.69,1.9,0.67,24.3,CHOP-INTEND,37.93,-1.04,6.0,2.6,Onasemnogene,10.13,24.3,27.6,31.6,33.3,34.4,3.3,7.3,9.0,True
SMA1_061,Type 1,2,1.84,5.42,7.26,0.32,11.0,CHOP-INTEND,17.13,-2.05,1.6,1.4,Nusinersen,6.92,11.0,13.9,16.1,17.3,17.9,2.9,5.1,6.3,True
SMA1_062,Type 1,2,5.8,3.39,9.19,0.3,22.4,CHOP-INTEND,35.08,-0.41,4.0,8.4,Nusinersen,7.26,22.4,25.9,27.8,28.7,29.7,3.5,5.4,6.3,True
SMA1_063,Type 1,2,0.5,1.95,2.45,1.69,32.3,CHOP-INTEND,50.43,-0.7,0.0,10.1,Nusinersen,5.13,32.3,34.4,36.1,36.8,37.4,2.1,3.8,4.5,True
SMA1_064,Type 1,2,1.54,0.86,2.41,0.98,28.2,CHOP-INTEND,44.1,-1.59,1.4,4.4,Untreated,-0.58,28.2,28.0,27.7,27.7,27.6,-0.2,-0.5,-0.5,False
SMA1_065,Type 1,2,4.2,0.72,4.92,0.34,22.7,CHOP-INTEND,35.51,-1.56,1.6,4.5,Onasemnogene,12.73,22.7,27.7,32.2,33.9,35.4,5.0,9.5,11.2,True
SMA1_066,Type 1,2,1.28,1.58,2.85,1.24,23.9,CHOP-INTEND,37.35,-0.98,1.8,7.0,Risdiplam,10.94,23.9,28.3,31.7,32.9,34.8,4.4,7.8,9.0,True
SMA1_067,Type 1,2,3.33,3.49,6.82,0.46,17.0,CHOP-INTEND,26.52,-1.84,5.4,3.5,Onasemnogene,10.39,17.0,21.0,25.1,26.3,27.4,4.0,8.1,9.3,True
SMA1_068,Type 1,2,2.23,0.48,2.71,1.4,38.9,CHOP-INTEND,60.74,0.25,1.7,3.3,Risdiplam,13.41,38.9,44.4,49.8,50.8,52.3,5.5,10.9,11.9,True
SMA1_069,Type 1,2,1.34,2.75,4.1,0.97,27.1,CHOP-INTEND,42.41,-0.91,2.1,9.1,Risdiplam,9.02,27.1,31.6,33.5,35.3,36.1,4.5,6.4,8.2,True
SMA1_070,Type 1,3,0.5,1.06,1.56,0.82,28.4,CHOP-INTEND,44.45,-0.89,0.9,8.1,Nusinersen,9.04,28.4,31.9,36.0,36.5,37.4,3.5,7.6,8.1,True
SMA1_071,Type 1,2,2.45,1.22,3.68,0.25,23.6,CHOP-INTEND,36.84,-0.65,1.6,10.6,Onasemnogene,13.63,23.6,29.0,34.2,36.4,37.2,5.4,10.6,12.8,True
SMA1_072,Type 1,2,1.2,1.9,3.1,0.36,20.8,CHOP-INTEND,32.42,-1.66,0.9,1.6,Nusinersen,3.4,20.8,22.3,23.5,24.1,24.2,1.5,2.7,3.3,False
SMA1_073,Type 1,2,2.0,0.89,2.89,0.65,27.6,CHOP-INTEND,43.19,-0.33,0.3,4.2,Onasemnogene,11.48,27.6,32.3,37.0,38.3,39.1,4.7,9.4,10.7,True
SMA1_074,Type 1,2,3.0,1.51,4.51,0.73,26.7,CHOP-INTEND,41.74,-1.11,3.2,7.0,Onasemnogene,11.72,26.7,30.8,36.1,37.1,38.4,4.1,9.4,10.4,True
SMA1_075,Type 1,2,3.71,0.82,4.53,0.41,28.7,CHOP-INTEND,44.83,-0.44,3.9,2.8,Onasemnogene,10.84,28.7,33.2,36.9,38.3,39.5,4.5,8.2,9.6,True
SMA1_076,Type 1,2,1.54,1.13,2.67,0.32,20.0,CHOP-INTEND,31.25,-1.36,3.4,8.2,Nusinersen,8.49,20.0,23.5,26.9,27.9,28.5,3.5,6.9,7.9,True
SMA1_077,Type 1,2,1.34,3.13,4.47,1.04,23.5,CHOP-INTEND,36.7,-0.15,3.4,10.3,Nusinersen,4.52,23.5,25.6,27.0,27.3,28.0,2.1,3.5,3.8,True
SMA1_078,Type 1,2,0.79,1.98,2.77,2.28,23.7,CHOP-INTEND,37.05,-0.88,1.7,4.0,Nusinersen,7.37,23.7,26.4,29.6,30.3,31.1,2.7,5.9,6.6,True
SMA1_079,Type 1,2,3.82,3.12,6.94,0.52,15.7,CHOP-INTEND,24.5,0.55,8.2,6.1,Nusinersen,8.92,15.7,19.9,22.9,23.7,24.6,4.2,7.2,8.0,True
SMA1_080,Type 1,2,5.8,1.04,6.84,0.34,27.2,CHOP-INTEND,42.49,-1.5,2.6,11.1,Nusinersen,4.55,27.2,29.1,30.5,31.4,31.8,1.9,3.3,4.2,True
SMA1_081,Type 1,3,4.07,2.77,6.84,0.62,24.0,CHOP-INTEND,37.51,-1.04,2.3,12.3,Onasemnogene,17.79,24.0,30.5,38.1,40.3,41.8,6.5,14.1,16.3,True
SMA1_082,Type 1,2,4.62,0.36,4.97,0.29,21.3,CHOP-INTEND,33.29,-2.03,0.1,8.6,Risdiplam,1.37,21.3,21.8,22.3,22.5,22.7,0.5,1.0,1.2,False
SMA1_083,Type 1,2,1.28,1.9,3.19,1.43,27.0,CHOP-INTEND,42.18,-1.62,1.5,8.1,Nusinersen,7.53,27.0,30.9,32.8,33.7,34.5,3.9,5.8,6.7,True
SMA1_084,Type 1,2,2.89,2.9,5.79,0.22,22.5,CHOP-INTEND,35.22,-0.71,1.7,3.0,Nusinersen,7.48,22.5,25.6,28.2,29.3,30.0,3.1,5.7,6.8,True
SMA1_085,Type 1,2,3.52,0.34,3.86,0.71,22.3,CHOP-INTEND,34.92,-0.3,1.8,7.3,Risdiplam,11.98,22.3,27.9,31.4,32.8,34.3,5.6,9.1,10.5,True
SMA1_086,Type 1,2,0.5,1.05,1.55,0.41,10.0,CHOP-INTEND,15.64,1.17,3.0,7.9,Risdiplam,8.78,10.0,12.9,17.2,18.2,18.8,2.9,7.2,8.2,True
SMA1_087,Type 1,2,0.98,1.9,2.88,0.61,19.8,CHOP-INTEND,30.99,-1.28,2.7,5.3,Risdiplam,12.6,19.8,26.8,28.7,31.4,32.4,7.0,8.9,11.6,True
SMA1_088,Type 1,2,5.57,3.67,9.23,0.64,25.1,CHOP-INTEND,39.25,-1.95,4.5,3.9,Onasemnogene,4.03,25.1,27.0,27.9,28.7,29.1,1.9,2.8,3.6,True
SMA1_089,Type 1,3,0.67,1.13,1.8,1.43,35.8,CHOP-INTEND,55.89,-0.6,5.1,1.5,Risdiplam,6.89,35.8,38.6,40.5,42.1,42.7,2.8,4.7,6.3,True
SMA1_090,Type 1,2,5.06,2.69,7.75,0.28,25.7,CHOP-INTEND,40.17,-2.1,5.9,0.0,Untreated,-0.95,25.7,25.3,24.9,24.9,24.8,-0.4,-0.8,-0.8,False
SMA1_091,Type 1,2,0.67,4.74,5.4,0.1,11.4,CHOP-INTEND,17.81,-0.75,5.6,0.0,Onasemnogene,12.38,11.4,17.1,20.4,22.3,23.8,5.7,9.0,10.9,True
SMA1_092,Type 1,2,1.02,2.78,3.8,0.23,13.5,CHOP-INTEND,21.08,-1.6,10.9,8.0,Nusinersen,4.33,13.5,15.5,16.8,17.3,17.8,2.0,3.3,3.8,True
SMA1_093,Type 1,2,2.92,1.56,4.48,1.37,29.2,CHOP-INTEND,45.66,-1.03,0.1,6.5,Onasemnogene,19.19,29.2,37.4,43.7,46.8,48.4,8.2,14.5,17.6,True
SMA1_094,Type 1,2,2.27,2.41,4.68,1.21,26.1,CHOP-INTEND,40.76,-0.33,0.8,4.3,Nusinersen,5.2,26.1,28.3,29.9,30.8,31.3,2.2,3.8,4.7,True
SMA1_095,Type 1,2,1.65,1.1,2.75,0.7,26.4,CHOP-INTEND,41.23,-1.29,0.0,4.8,Onasemnogene,7.08,26.4,29.6,32.0,32.7,33.5,3.2,5.6,6.3,True
SMA1_096,Type 1,2,5.44,1.96,7.4,0.66,27.2,CHOP-INTEND,42.47,-0.45,3.6,6.7,Nusinersen,9.31,27.2,30.3,34.2,35.8,36.5,3.1,7.0,8.6,True
SMA1_097,Type 1,2,0.81,1.62,2.43,0.77,26.2,CHOP-INTEND,40.96,-0.5,8.0,5.4,Onasemnogene,9.65,26.2,30.1,33.4,34.8,35.8,3.9,7.2,8.6,True
SMA1_098,Type 1,2,1.95,2.36,4.31,0.28,22.6,CHOP-INTEND,35.37,-2.69,1.0,1.3,Onasemnogene,8.3,22.6,25.4,29.0,29.9,30.9,2.8,6.4,7.3,True
SMA1_099,Type 1,2,3.15,1.31,4.46,1.46,31.1,CHOP-INTEND,48.58,-1.92,9.2,9.2,Onasemnogene,12.45,31.1,36.7,40.9,42.4,43.6,5.6,9.8,11.3,True
SMA1_100,Type 1,2,2.61,2.45,5.06,0.45,23.6,CHOP-INTEND,36.9,-2.45,0.2,7.1,Onasemnogene,4.99,23.6,25.5,27.2,27.9,28.6,1.9,3.6,4.3,True
SMA1_101,Type 1,2,1.37,1.3,2.67,0.48,27.2,CHOP-INTEND,42.56,0.4,9.5,6.9,Nusinersen,2.63,27.2,28.1,29.3,29.4,29.8,0.9,2.1,2.2,False
SMA1_102,Type 1,2,1.41,3.37,4.78,0.5,24.2,CHOP-INTEND,37.82,-1.28,2.7,8.9,Nusinersen,4.93,24.2,26.1,28.2,28.6,29.1,1.9,4.0,4.4,True
SMA1_103,Type 1,2,3.67,1.41,5.08,0.25,28.7,CHOP-INTEND,44.9,0.22,0.4,3.2,Nusinersen,10.75,28.7,33.3,36.3,38.2,39.4,4.6,7.6,9.5,True
SMA1_104,Type 1,2,3.78,0.2,3.98,0.38,22.8,CHOP-INTEND,35.56,-2.51,2.3,10.2,Nusinersen,8.37,22.8,26.2,29.3,30.3,31.2,3.4,6.5,7.5,True
SMA1_105,Type 1,3,2.65,0.74,3.39,1.23,36.1,CHOP-INTEND,56.46,-1.66,1.0,5.5,Risdiplam,13.94,36.1,41.1,46.5,48.2,50.0,5.0,10.4,12.1,True
SMA1_106,Type 1,2,1.16,1.86,3.02,0.25,20.3,CHOP-INTEND,31.71,-0.56,1.2,9.1,Nusinersen,12.41,20.3,24.5,30.1,31.9,32.7,4.2,9.8,11.6,True
SMA1_107,Type 1,2,1.44,5.39,6.84,0.49,13.2,CHOP-INTEND,20.58,-1.06,2.5,8.6,Untreated,-2.03,13.2,12.3,11.8,11.4,11.2,-0.9,-1.4,-1.8,False
SMA1_108,Type 1,2,2.14,3.28,5.42,0.28,16.6,CHOP-INTEND,25.91,-0.77,6.9,2.4,Risdiplam,8.75,16.6,20.0,23.8,24.4,25.4,3.4,7.2,7.8,True
SMA1_109,Type 1,2,2.34,0.2,2.54,0.54,28.0,CHOP-INTEND,43.8,-2.2,2.7,7.8,Onasemnogene,12.62,28.0,33.1,36.8,39.5,40.6,5.1,8.8,11.5,True
SMA1_110,Type 1,2,3.08,0.43,3.51,0.45,26.9,CHOP-INTEND,42.05,-0.1,1.3,7.1,Nusinersen,9.5,26.9,30.8,34.0,35.1,36.4,3.9,7.1,8.2,True
SMA1_111,Type 1,2,1.88,3.98,5.87,0.32,19.9,CHOP-INTEND,31.05,-0.58,4.5,6.1,Onasemnogene,7.58,19.9,23.2,25.8,26.4,27.5,3.3,5.9,6.5,True
SMA1_112,Type 1,2,3.62,2.89,6.51,0.79,21.5,CHOP-INTEND,33.53,-0.88,4.4,5.7,Onasemnogene,9.63,21.5,26.0,28.6,30.3,31.1,4.5,7.1,8.8,True
SMA1_113,Type 1,3,3.6,7.0,10.6,0.43,19.3,CHOP-INTEND,30.21,-1.75,2.3,5.7,Risdiplam,2.53,19.3,20.4,21.1,21.5,21.8,1.1,1.8,2.2,False
SMA1_114,Type 1,2,4.71,1.26,5.97,0.66,28.0,CHOP-INTEND,43.69,-0.94,1.9,8.8,Risdiplam,0.89,28.0,28.4,28.7,28.8,28.9,0.4,0.7,0.8,False
SMA1_115,Type 1,2,2.2,0.87,3.07,0.58,19.1,CHOP-INTEND,29.81,-1.43,0.5,8.0,Onasemnogene,17.12,19.1,26.3,32.2,34.8,36.2,7.2,13.1,15.7,True
SMA1_116,Type 1,3,2.68,1.94,4.62,1.05,31.3,CHOP-INTEND,48.95,-2.52,0.7,6.1,Nusinersen,9.54,31.3,35.1,38.6,39.7,40.8,3.8,7.3,8.4,True
SMA1_117,Type 1,2,1.98,1.24,3.22,1.62,29.4,CHOP-INTEND,45.97,-1.24,4.0,0.8,Risdiplam,8.59,29.4,32.3,36.2,37.1,38.0,2.9,6.8,7.7,True
SMA1_118,Type 1,2,1.17,3.74,4.91,0.77,23.8,CHOP-INTEND,37.13,-1.33,1.9,7.7,Nusinersen,8.19,23.8,27.7,29.9,31.0,32.0,3.9,6.1,7.2,True
SMA1_119,Type 1,3,5.8,1.2,7.0,0.66,25.4,CHOP-INTEND,39.71,-0.35,2.6,8.5,Nusinersen,8.4,25.4,29.3,31.9,33.0,33.8,3.9,6.5,7.6,True
SMA1_120,Type 1,2,4.36,1.48,5.83,0.24,28.4,CHOP-INTEND,44.39,-2.99,4.3,14.1,Nusinersen,4.08,28.4,30.5,31.4,32.2,32.5,2.1,3.0,3.8,True
SMA1_121,Type 1,2,3.55,0.77,4.32,0.41,25.3,CHOP-INTEND,39.59,-1.01,0.4,9.8,Nusinersen,8.02,25.3,29.6,31.1,32.1,33.3,4.3,5.8,6.8,True
SMA1_122,Type 1,3,2.15,3.13,5.28,0.9,29.5,CHOP-INTEND,46.03,-2.12,4.1,0.0,Nusinersen,12.5,29.5,34.0,38.9,40.8,42.0,4.5,9.4,11.3,True
SMA1_123,Type 1,2,1.1,0.81,1.91,0.29,22.2,CHOP-INTEND,34.72,-0.94,1.0,6.3,Nusinersen,5.63,22.2,24.5,26.4,27.4,27.8,2.3,4.2,5.2,True
SMA1_124,Type 1,2,3.94,2.49,6.43,0.52,24.0,CHOP-INTEND,37.52,-0.9,11.5,12.3,Untreated,-11.69,24.0,17.6,15.3,13.6,12.3,-6.4,-8.7,-10.4,False
SMA1_125,Type 1,2,1.96,6.0,7.96,0.45,15.4,CHOP-INTEND,24.12,-1.27,3.5,8.2,Risdiplam,4.19,15.4,17.2,18.8,19.0,19.6,1.8,3.4,3.6,True
SMA1_126,Type 1,2,2.83,0.29,3.12,0.49,30.5,CHOP-INTEND,47.68,-0.55,5.7,7.2,Untreated,0.09,30.5,30.5,30.6,30.6,30.6,0.0,0.1,0.1,False
SMA1_127,Type 1,2,1.44,4.88,6.32,0.79,13.0,CHOP-INTEND,20.33,-2.2,4.0,9.2,Risdiplam,1.9,13.0,13.7,14.4,14.8,14.9,0.7,1.4,1.8,False
SMA1_128,Type 1,3,2.55,2.26,4.81,0.54,29.1,CHOP-INTEND,45.44,-0.31,0.2,3.8,Nusinersen,4.86,29.1,31.2,32.8,33.6,34.0,2.1,3.7,4.5,True
SMA1_129,Type 1,2,1.5,0.65,2.16,0.31,25.8,CHOP-INTEND,40.37,-1.77,3.5,7.7,Risdiplam,9.36,25.8,30.6,33.0,34.3,35.2,4.8,7.2,8.5,True
SMA1_130,Type 1,2,1.54,1.99,3.54,0.85,23.5,CHOP-INTEND,36.72,-2.44,10.6,5.1,Risdiplam,16.65,23.5,31.6,35.4,38.5,40.2,8.1,11.9,15.0,True
SMA1_131,Type 1,2,2.53,3.07,5.6,0.49,19.1,CHOP-INTEND,29.77,-1.42,4.4,5.9,Nusinersen,3.65,19.1,20.5,21.8,22.3,22.8,1.4,2.7,3.2,False
SMA1_132,Type 1,2,0.66,0.92,1.58,0.84,24.7,CHOP-INTEND,38.52,-2.88,6.0,8.9,Risdiplam,4.83,24.7,26.6,28.3,29.2,29.5,1.9,3.6,4.5,True
SMA1_133,Type 1,2,0.69,2.59,3.27,0.46,22.1,CHOP-INTEND,34.52,-1.0,7.5,2.8,Nusinersen,8.94,22.1,25.3,28.8,30.4,31.0,3.2,6.7,8.3,True
SMA1_134,Type 1,2,1.27,5.15,6.43,0.18,8.3,CHOP-INTEND,12.98,-1.41,2.1,10.5,Risdiplam,10.89,8.3,12.4,16.9,17.7,19.2,4.1,8.6,9.4,True
SMA1_135,Type 1,3,1.87,1.2,3.07,1.39,38.0,CHOP-INTEND,59.34,-0.21,0.8,4.5,Risdiplam,5.93,38.0,39.9,42.5,43.4,43.9,1.9,4.5,5.4,True
SMA1_136,Type 1,2,3.69,0.76,4.45,1.07,25.5,CHOP-INTEND,39.86,-0.68,3.3,6.9,Nusinersen,4.64,25.5,27.4,29.3,29.8,30.1,1.9,3.8,4.3,True
SMA1_137,Type 1,2,1.94,1.66,3.6,0.81,25.2,CHOP-INTEND,39.33,-2.31,1.9,1.1,Nusinersen,10.0,25.2,30.2,32.8,34.5,35.2,5.0,7.6,9.3,True
SMA1_138,Type 1,2,2.14,1.91,4.05,0.36,23.7,CHOP-INTEND,36.97,-1.87,6.4,8.5,Onasemnogene,12.31,23.7,29.1,33.9,34.8,36.0,5.4,10.2,11.1,True
SMA1_139,Type 1,2,1.77,3.87,5.64,0.55,17.4,CHOP-INTEND,27.22,-0.78,9.3,11.1,Risdiplam,13.08,17.4,23.8,27.1,28.8,30.5,6.4,9.7,11.4,True
SMA1_140,Type 1,3,2.68,1.62,4.3,0.74,29.9,CHOP-INTEND,46.73,-0.52,1.5,4.2,Nusinersen,11.5,29.9,35.3,38.3,40.1,41.4,5.4,8.4,10.2,True
SMA1_141,Type 1,3,1.16,1.29,2.45,0.58,22.2,CHOP-INTEND,34.62,-0.22,0.9,2.1,Untreated,-2.37,22.2,21.3,20.3,20.1,19.8,-0.9,-1.9,-2.1,False
SMA1_142,Type 1,2,2.01,0.74,2.75,1.51,32.4,CHOP-INTEND,50.61,-0.23,5.3,7.0,Nusinersen,7.64,32.4,35.3,38.6,39.3,40.0,2.9,6.2,6.9,True
SMA1_143,Type 1,2,2.81,0.34,3.16,0.36,29.3,CHOP-INTEND,45.79,-1.27,1.1,11.1,Risdiplam,15.93,29.3,35.4,40.5,43.5,45.2,6.1,11.2,14.2,True
SMA1_144,Type 1,2,2.51,0.54,3.06,1.77,24.2,CHOP-INTEND,37.81,-0.91,6.1,0.9,Untreated,-6.07,24.2,22.2,19.6,18.3,18.1,-2.0,-4.6,-5.9,False
SMA1_145,Type 1,2,2.19,0.54,2.73,0.57,24.0,CHOP-INTEND,37.43,-0.16,1.9,2.1,Nusinersen,7.83,24.0,27.3,29.8,31.3,31.8,3.3,5.8,7.3,True
SMA1_146,Type 1,2,2.2,1.49,3.69,0.33,17.9,CHOP-INTEND,27.93,-1.44,3.9,4.4,Nusinersen,15.41,17.9,22.1,29.7,32.2,33.3,4.2,11.8,14.3,True
SMA1_147,Type 1,2,2.99,0.42,3.41,0.67,25.5,CHOP-INTEND,39.91,-0.9,0.4,3.1,Nusinersen,4.97,25.5,27.7,29.3,30.0,30.5,2.2,3.8,4.5,True
SMA1_148,Type 1,2,5.8,1.76,7.56,1.24,29.0,CHOP-INTEND,45.36,-1.46,3.4,3.1,Nusinersen,2.16,29.0,29.9,30.8,30.9,31.2,0.9,1.8,1.9,False
SMA1_149,Type 1,2,1.22,5.91,7.13,0.66,20.3,CHOP-INTEND,31.71,-1.64,3.3,0.0,Nusinersen,6.07,20.3,23.0,24.9,25.7,26.4,2.7,4.6,5.4,True
SMA1_150,Type 1,2,5.8,3.94,9.74,0.92,25.5,CHOP-INTEND,39.92,-1.16,4.3,8.1,Risdiplam,6.39,25.5,28.5,30.7,31.2,31.9,3.0,5.2,5.7,True
SMA1_151,Type 1,3,1.18,1.48,2.66,1.06,37.4,CHOP-INTEND,58.39,-1.75,0.6,7.2,Nusinersen,7.06,37.4,40.4,42.7,43.8,44.5,3.0,5.3,6.4,True
SMA1_152,Type 1,2,0.5,7.0,7.5,0.54,12.9,CHOP-INTEND,20.21,-1.3,5.9,0.1,Risdiplam,8.74,12.9,17.3,19.9,20.9,21.6,4.4,7.0,8.0,True
SMA1_153,Type 1,2,1.48,1.92,3.4,1.15,21.1,CHOP-INTEND,33.02,-2.03,7.0,11.1,Untreated,-7.03,21.1,17.9,15.7,14.8,14.1,-3.2,-5.4,-6.3,False
SMA1_154,Type 1,2,2.71,2.13,4.84,0.34,21.2,CHOP-INTEND,33.17,-1.35,0.9,11.9,Onasemnogene,10.85,21.2,25.3,30.2,30.9,32.0,4.1,9.0,9.7,True
SMA2_001,Type 2,3,6.77,3.14,9.91,1.96,32.1,HFMSE,48.59,-0.26,0.7,12.1,Nusinersen,3.79,32.1,33.6,34.8,35.4,35.9,1.5,2.7,3.3,True
SMA2_002,Type 2,3,9.91,4.39,14.3,1.79,33.1,HFMSE,50.08,-0.59,2.1,23.2,Nusinersen,2.91,33.1,34.0,35.2,35.6,36.0,0.9,2.1,2.5,False
SMA2_003,Type 2,3,17.5,1.23,18.73,2.76,21.8,HFMSE,33.09,0.1,0.2,29.5,Onasemnogene,16.42,21.8,28.0,35.5,37.2,38.2,6.2,13.7,15.4,True
SMA2_004,Type 2,3,6.0,6.06,12.06,3.09,23.6,HFMSE,35.79,-1.72,2.2,29.0,Risdiplam,2.93,23.6,24.8,25.7,26.4,26.5,1.2,2.1,2.8,False
SMA2_005,Type 2,3,11.87,7.79,19.66,0.9,23.1,HFMSE,34.99,-0.27,0.4,23.3,Nusinersen,6.63,23.1,26.1,28.0,29.3,29.7,3.0,4.9,6.2,True
SMA2_006,Type 2,3,16.23,9.02,25.25,1.85,27.2,HFMSE,41.24,0.61,1.7,2.2,Risdiplam,-0.0,27.2,27.2,27.2,27.2,27.2,0.0,0.0,0.0,False
SMA2_007,Type 2,3,17.5,1.62,19.12,1.18,31.8,HFMSE,48.2,0.09,1.3,30.6,Risdiplam,6.92,31.8,34.3,37.4,38.2,38.7,2.5,5.6,6.4,True
SMA2_008,Type 2,3,10.71,3.21,13.92,1.79,29.3,HFMSE,44.41,0.22,4.0,23.3,Untreated,-1.62,29.3,28.8,28.2,27.8,27.7,-0.5,-1.1,-1.5,False
SMA2_009,Type 2,3,8.28,8.53,16.81,1.16,24.2,HFMSE,36.67,1.04,0.7,9.9,Nusinersen,7.18,24.2,27.0,29.7,30.6,31.4,2.8,5.5,6.4,True
SMA2_010,Type 2,3,10.58,4.73,15.31,1.34,24.2,HFMSE,36.73,-0.46,0.1,21.8,Onasemnogene,4.82,24.2,26.7,27.8,28.6,29.0,2.5,3.6,4.4,True
SMA2_011,Type 2,3,17.07,7.69,24.76,1.28,32.2,HFMSE,48.78,-0.99,0.0,7.7,Onasemnogene,1.31,32.2,32.8,33.2,33.4,33.5,0.6,1.0,1.2,False
SMA2_012,Type 2,3,17.07,2.22,19.3,1.98,24.1,HFMSE,36.52,0.67,2.6,20.9,Onasemnogene,8.97,24.1,28.3,30.7,32.6,33.1,4.2,6.6,8.5,True
SMA2_013,Type 2,3,9.27,11.13,20.4,1.12,23.5,HFMSE,35.58,0.65,1.1,5.5,Risdiplam,6.41,23.5,25.9,28.5,29.3,29.9,2.4,5.0,5.8,True
SMA2_014,Type 2,3,16.94,2.1,19.04,2.3,25.7,HFMSE,38.96,0.1,2.2,9.5,Risdiplam,4.77,25.7,27.3,29.1,29.9,30.5,1.6,3.4,4.2,True
SMA2_015,Type 2,3,9.7,5.96,15.65,1.43,28.4,HFMSE,43.01,-0.54,0.4,21.7,Nusinersen,-2.53,28.4,27.5,26.2,26.1,25.9,-0.9,-2.2,-2.3,False
SMA2_016,Type 2,3,14.13,6.05,20.18,1.02,19.3,HFMSE,29.17,-0.4,0.6,24.6,Risdiplam,4.65,19.3,21.2,22.8,23.6,24.0,1.9,3.5,4.3,True
SMA2_017,Type 2,4,12.5,3.88,16.38,2.92,40.2,HFMSE,60.85,-1.55,0.0,18.6,Risdiplam,6.88,40.2,42.4,45.4,46.4,47.1,2.2,5.2,6.2,True
SMA2_018,Type 2,3,8.13,7.05,15.17,1.22,25.0,HFMSE,37.87,0.6,4.9,13.7,Risdiplam,1.05,25.0,25.4,25.9,26.0,26.0,0.4,0.9,1.0,False
SMA2_019,Type 2,3,6.18,7.16,13.34,1.42,33.7,HFMSE,51.06,0.57,1.7,0.0,Nusinersen,5.05,33.7,35.7,37.4,38.2,38.8,2.0,3.7,4.5,True
SMA2_020,Type 2,3,16.42,6.72,23.14,1.97,25.5,HFMSE,38.6,-1.58,4.1,14.3,Risdiplam,1.35,25.5,26.0,26.6,26.7,26.8,0.5,1.1,1.2,False
SMA2_021,Type 2,3,17.5,3.84,21.34,1.41,29.1,HFMSE,44.02,0.38,0.5,20.3,Risdiplam,4.47,29.1,30.5,32.4,33.1,33.6,1.4,3.3,4.0,True
SMA2_022,Type 2,3,11.75,3.37,15.12,1.12,22.4,HFMSE,33.99,-0.04,1.4,13.5,Nusinersen,7.9,22.4,25.8,28.6,29.6,30.3,3.4,6.2,7.2,True
SMA2_023,Type 2,3,9.69,4.11,13.8,1.46,25.5,HFMSE,38.59,-1.32,1.7,15.8,Risdiplam,2.19,25.5,26.4,27.1,27.5,27.7,0.9,1.6,2.0,False
SMA2_024,Type 2,3,6.0,3.07,9.07,3.68,34.7,HFMSE,52.61,-1.49,0.6,14.5,Risdiplam,5.65,34.7,37.3,38.7,39.9,40.4,2.6,4.0,5.2,True
SMA2_025,Type 2,3,16.24,9.9,26.13,1.73,16.6,HFMSE,25.17,-0.06,2.8,13.4,Risdiplam,6.25,16.6,18.9,21.5,22.2,22.8,2.3,4.9,5.6,True
SMA2_026,Type 2,3,11.14,4.33,15.47,2.03,21.4,HFMSE,32.42,-0.76,4.4,16.6,Nusinersen,7.16,21.4,24.7,27.0,27.8,28.6,3.3,5.6,6.4,True
SMA2_027,Type 2,3,8.67,5.86,14.53,1.87,30.1,HFMSE,45.58,1.24,3.2,13.8,Nusinersen,2.15,30.1,31.2,31.6,32.1,32.2,1.1,1.5,2.0,False
SMA2_028,Type 2,3,14.31,8.51,22.82,1.06,22.3,HFMSE,33.85,0.46,2.0,27.5,Onasemnogene,7.96,22.3,25.7,28.3,29.5,30.3,3.4,6.0,7.2,True
SMA2_029,Type 2,3,6.0,2.97,8.97,1.57,25.0,HFMSE,37.81,0.03,0.5,0.0,Nusinersen,7.88,25.0,28.1,31.4,32.0,32.9,3.1,6.4,7.0,True
SMA2_030,Type 2,3,6.0,2.03,8.03,2.37,27.2,HFMSE,41.22,0.07,0.5,11.6,Risdiplam,2.16,27.2,28.1,28.9,29.2,29.4,0.9,1.7,2.0,False
SMA2_031,Type 2,3,7.04,3.08,10.12,1.17,23.2,HFMSE,35.12,0.8,5.0,9.0,Risdiplam,8.15,23.2,26.4,29.3,30.4,31.4,3.2,6.1,7.2,True
SMA2_032,Type 2,3,12.32,6.24,18.56,1.24,25.6,HFMSE,38.71,0.36,0.0,17.8,Risdiplam,2.47,25.6,26.5,27.4,27.8,28.1,0.9,1.8,2.2,False
SMA2_033,Type 2,3,10.64,5.99,16.63,1.25,27.4,HFMSE,41.49,0.05,1.9,16.6,Nusinersen,4.45,27.4,29.4,31.1,31.0,31.8,2.0,3.7,3.6,True
SMA2_034,Type 2,4,12.97,6.71,19.68,1.94,21.3,HFMSE,32.32,-1.28,1.8,29.0,Risdiplam,7.73,21.3,24.5,26.7,28.1,29.0,3.2,5.4,6.8,True
SMA2_035,Type 2,4,15.75,5.0,20.75,4.8,44.0,HFMSE,66.67,2.36,1.5,31.6,Nusinersen,2.37,44.0,45.1,45.8,46.2,46.4,1.1,1.8,2.2,False
SMA2_036,Type 2,3,13.18,0.8,13.98,1.23,34.9,HFMSE,52.91,-1.39,6.9,9.8,Nusinersen,1.81,34.9,35.6,36.2,36.4,36.7,0.7,1.3,1.5,False
SMA2_037,Type 2,3,17.5,4.91,22.41,1.66,15.4,HFMSE,23.32,-0.68,0.6,16.0,Nusinersen,9.9,15.4,19.4,23.4,24.0,25.3,4.0,8.0,8.6,True
SMA2_038,Type 2,3,15.73,9.15,24.88,1.01,28.0,HFMSE,42.39,-1.89,0.6,17.6,Nusinersen,5.5,28.0,30.2,32.2,33.0,33.5,2.2,4.2,5.0,True
SMA2_039,Type 2,3,9.26,10.47,19.74,3.96,35.9,HFMSE,54.34,0.08,0.1,9.6,Untreated,-1.14,35.9,35.5,35.0,35.0,34.8,-0.4,-0.9,-0.9,False
SMA2_040,Type 2,3,7.57,5.63,13.19,1.08,24.9,HFMSE,37.69,-0.26,0.9,21.0,Untreated,0.28,24.9,25.0,25.1,25.1,25.2,0.1,0.2,0.2,False
SMA2_041,Type 2,3,9.4,6.0,15.4,1.42,19.2,HFMSE,29.07,0.29,0.5,14.1,Nusinersen,3.95,19.2,21.3,22.1,22.9,23.2,2.1,2.9,3.7,True
SMA2_042,Type 2,4,13.38,7.61,20.99,2.6,38.3,HFMSE,58.05,-1.97,0.6,7.5,Risdiplam,3.27,38.3,39.6,41.0,41.4,41.6,1.3,2.7,3.1,True
SMA2_043,Type 2,3,7.95,10.31,18.26,1.88,23.3,HFMSE,35.25,0.6,2.7,13.8,Nusinersen,2.4,23.3,24.2,25.1,25.5,25.7,0.9,1.8,2.2,False
SMA2_044,Type 2,3,13.55,5.34,18.88,1.48,29.0,HFMSE,43.92,-1.13,4.1,8.0,Risdiplam,3.25,29.0,30.2,31.4,31.8,32.2,1.2,2.4,2.8,True
SMA2_045,Type 2,3,12.87,7.55,20.41,1.28,35.4,HFMSE,53.65,-0.53,0.3,24.3,Risdiplam,3.43,35.4,36.7,38.4,38.4,38.8,1.3,3.0,3.0,True
SMA2_046,Type 2,3,6.14,3.73,9.87,1.51,28.5,HFMSE,43.25,0.44,0.7,31.2,Onasemnogene,3.62,28.5,30.3,31.2,31.8,32.1,1.8,2.7,3.3,True
SMA2_047,Type 2,3,15.6,2.26,17.86,1.39,23.2,HFMSE,35.18,-0.16,4.0,18.0,Nusinersen,6.33,23.2,25.6,27.7,29.0,29.5,2.4,4.5,5.8,True
SMA2_048,Type 2,3,11.56,3.99,15.55,1.25,24.7,HFMSE,37.38,-0.1,0.1,16.9,Risdiplam,6.01,24.7,27.0,29.3,30.4,30.7,2.3,4.6,5.7,True
SMA2_049,Type 2,3,17.5,11.62,29.12,1.33,18.1,HFMSE,27.37,0.32,0.1,17.2,Nusinersen,7.11,18.1,20.6,23.5,24.7,25.2,2.5,5.4,6.6,True
SMA2_050,Type 2,3,9.71,7.63,17.35,1.18,26.1,HFMSE,39.57,-0.01,0.3,25.5,Untreated,-4.35,26.1,24.2,22.7,22.2,21.8,-1.9,-3.4,-3.9,False
SMA2_051,Type 2,4,8.49,2.41,10.9,1.91,30.2,HFMSE,45.83,-0.71,1.4,25.3,Nusinersen,8.47,30.2,33.7,36.6,37.7,38.7,3.5,6.4,7.5,True
SMA2_052,Type 2,3,6.0,7.84,13.84,1.85,23.5,HFMSE,35.58,-0.55,0.2,15.1,Risdiplam,5.16,23.5,25.4,27.9,28.6,28.7,1.9,4.4,5.1,True
SMA2_053,Type 2,3,6.0,2.54,8.54,4.21,29.7,HFMSE,44.98,-0.21,5.2,18.0,Risdiplam,1.88,29.7,30.4,31.2,31.4,31.6,0.7,1.5,1.7,False
SMA2_054,Type 2,3,14.77,6.66,21.43,1.77,25.6,HFMSE,38.85,-1.21,0.9,21.2,Risdiplam,4.92,25.6,28.0,29.1,29.9,30.5,2.4,3.5,4.3,True
SMA2_055,Type 2,4,17.5,2.9,20.4,1.66,34.1,HFMSE,51.69,0.5,1.0,6.9,Nusinersen,8.11,34.1,37.5,40.3,41.3,42.2,3.4,6.2,7.2,True
SMA2_056,Type 2,3,9.33,2.32,11.65,1.18,13.7,HFMSE,20.79,-0.14,0.4,25.7,Onasemnogene,12.08,13.7,18.8,22.5,24.3,25.8,5.1,8.8,10.6,True
SMA2_057,Type 2,3,9.05,12.7,21.75,3.41,28.9,HFMSE,43.82,-0.33,1.0,29.9,Nusinersen,1.76,28.9,29.6,30.2,30.4,30.7,0.7,1.3,1.5,False
SMA2_058,Type 2,4,10.12,4.33,14.45,1.84,32.7,HFMSE,49.55,0.67,1.6,25.3,Risdiplam,5.96,32.7,35.6,37.0,38.1,38.7,2.9,4.3,5.4,True
SMA2_059,Type 2,4,16.07,7.56,23.63,1.48,26.1,HFMSE,39.54,-0.51,2.1,6.0,Nusinersen,4.58,26.1,27.8,30.0,30.5,30.7,1.7,3.9,4.4,True
SMA2_060,Type 2,3,6.17,5.47,11.63,1.8,37.3,HFMSE,56.48,-0.56,2.1,0.2,Nusinersen,-0.93,37.3,36.9,36.6,36.5,36.4,-0.4,-0.7,-0.8,False
SMA2_061,Type 2,3,10.92,2.68,13.61,1.97,34.1,HFMSE,51.66,-0.84,1.3,21.7,Risdiplam,5.52,34.1,36.4,38.4,39.1,39.6,2.3,4.3,5.0,True
SMA2_062,Type 2,3,14.92,4.62,19.54,1.96,22.6,HFMSE,34.26,-0.09,3.5,9.9,Nusinersen,4.67,22.6,24.2,26.1,26.7,27.3,1.6,3.5,4.1,True
SMA2_063,Type 2,3,12.25,2.7,14.95,1.37,31.7,HFMSE,48.01,-0.12,2.6,18.3,Nusinersen,3.52,31.7,33.0,34.2,34.9,35.2,1.3,2.5,3.2,True
SMA2_064,Type 2,3,6.0,17.73,23.73,0.5,22.1,HFMSE,33.48,-1.0,2.1,28.3,Nusinersen,7.2,22.1,25.5,27.6,28.5,29.3,3.4,5.5,6.4,True
SMA2_065,Type 2,3,13.21,8.33,21.54,3.88,32.3,HFMSE,48.96,-0.56,0.1,10.7,Nusinersen,6.22,32.3,35.1,37.1,37.6,38.5,2.8,4.8,5.3,True
SMA2_066,Type 2,3,12.31,5.41,17.71,1.24,27.3,HFMSE,41.35,-0.99,0.0,13.0,Risdiplam,1.25,27.3,27.9,28.3,28.4,28.6,0.6,1.0,1.1,False
SMA2_067,Type 2,3,17.45,7.33,24.77,1.92,28.1,HFMSE,42.51,-1.03,0.4,18.2,Onasemnogene,5.39,28.1,30.2,31.6,32.8,33.5,2.1,3.5,4.7,True
SMA2_068,Type 2,3,17.5,8.03,25.53,1.98,15.7,HFMSE,23.79,-1.96,1.6,5.6,Nusinersen,7.95,15.7,18.9,21.3,23.2,23.6,3.2,5.6,7.5,True
SMA2_069,Type 2,3,17.06,8.04,25.1,1.73,24.4,HFMSE,37.0,-0.61,0.8,9.9,Nusinersen,-0.26,24.4,24.3,24.2,24.2,24.1,-0.1,-0.2,-0.2,False
SMA2_070,Type 2,3,10.15,7.85,17.99,1.22,22.8,HFMSE,34.5,-1.93,0.8,16.2,Nusinersen,3.72,22.8,24.5,25.5,26.1,26.5,1.7,2.7,3.3,True
SMA2_071,Type 2,3,6.0,7.51,13.51,1.18,31.2,HFMSE,47.27,-0.82,3.2,13.6,Nusinersen,3.26,31.2,32.7,33.7,34.3,34.5,1.5,2.5,3.1,True
SMA2_072,Type 2,3,17.5,5.67,23.17,1.79,28.6,HFMSE,43.4,-0.95,3.4,20.9,Risdiplam,0.88,28.6,29.0,29.2,29.4,29.5,0.4,0.6,0.8,False
SMA2_073,Type 2,3,9.02,12.16,21.18,2.52,23.8,HFMSE,36.04,0.55,3.6,38.1,Risdiplam,3.17,23.8,25.4,26.3,26.6,27.0,1.6,2.5,2.8,True
SMA2_074,Type 2,3,10.0,5.89,15.89,3.6,31.8,HFMSE,48.22,-1.31,0.6,16.8,Nusinersen,6.94,31.8,34.9,37.3,38.1,38.7,3.1,5.5,6.3,True
SMA2_075,Type 2,3,17.5,5.5,23.0,1.08,30.1,HFMSE,45.54,-1.09,1.8,9.3,Nusinersen,7.6,30.1,33.9,36.1,37.0,37.7,3.8,6.0,6.9,True
SMA2_076,Type 2,4,6.8,5.92,12.72,1.61,30.4,HFMSE,46.01,-0.74,0.5,27.3,Nusinersen,3.95,30.4,32.0,33.6,33.9,34.4,1.6,3.2,3.5,True
SMA2_077,Type 2,3,6.0,6.17,12.17,3.56,28.5,HFMSE,43.16,-0.92,0.3,3.3,Risdiplam,10.53,28.5,32.0,37.2,38.0,39.0,3.5,8.7,9.5,True
SMA2_078,Type 2,3,7.98,1.63,9.61,2.34,29.7,HFMSE,44.93,0.83,0.3,4.9,Untreated,-8.09,29.7,26.0,23.9,22.2,21.6,-3.7,-5.8,-7.5,False
SMA2_079,Type 2,3,6.98,3.06,10.04,3.01,36.9,HFMSE,55.9,-1.42,0.6,11.2,Nusinersen,5.72,36.9,38.8,41.1,42.1,42.6,1.9,4.2,5.2,True
SMA2_080,Type 2,3,6.0,5.0,11.0,1.2,28.1,HFMSE,42.56,-0.74,0.8,13.7,Nusinersen,0.82,28.1,28.5,28.8,28.8,28.9,0.4,0.7,0.7,False
SMA2_081,Type 2,3,9.43,1.57,10.99,1.93,30.1,HFMSE,45.58,-0.1,2.7,11.0,Onasemnogene,8.78,30.1,34.2,37.2,38.1,38.9,4.1,7.1,8.0,True
SMA2_082,Type 2,4,10.18,5.4,15.58,2.57,35.4,HFMSE,53.68,0.39,0.2,15.7,Onasemnogene,4.46,35.4,37.3,38.7,39.5,39.9,1.9,3.3,4.1,True
SMA2_083,Type 2,3,6.0,6.12,12.12,1.98,24.5,HFMSE,37.08,-0.74,2.0,18.2,Nusinersen,5.74,24.5,27.6,28.7,29.7,30.2,3.1,4.2,5.2,True
SMA2_084,Type 2,3,8.46,2.19,10.65,1.58,27.5,HFMSE,41.63,-2.13,1.1,24.6,Nusinersen,6.11,27.5,29.5,32.0,32.9,33.6,2.0,4.5,5.4,True
SMA2_085,Type 2,3,6.77,3.56,10.33,1.07,22.8,HFMSE,34.48,-0.54,0.5,16.7,Nusinersen,3.74,22.8,24.4,25.4,26.2,26.5,1.6,2.6,3.4,True
SMA2_086,Type 2,3,6.0,10.71,16.71,1.56,21.8,HFMSE,32.99,0.82,1.0,11.5,Risdiplam,0.67,21.8,22.1,22.3,22.4,22.5,0.3,0.5,0.6,False
SMA2_087,Type 2,3,10.33,7.37,17.7,1.17,30.8,HFMSE,46.69,-0.15,0.5,24.1,Nusinersen,7.86,30.8,33.6,36.4,37.8,38.7,2.8,5.6,7.0,True
SMA2_088,Type 2,3,10.8,7.13,17.93,1.45,19.7,HFMSE,29.84,-0.19,1.4,9.5,Nusinersen,5.33,19.7,21.6,23.7,24.1,25.0,1.9,4.0,4.4,True
SMA2_089,Type 2,3,6.77,9.99,16.76,3.64,26.5,HFMSE,40.14,-1.36,0.9,2.9,Risdiplam,-1.4,26.5,26.0,25.4,25.3,25.1,-0.5,-1.1,-1.2,False
SMA2_090,Type 2,3,15.54,3.1,18.64,1.53,21.5,HFMSE,32.53,-1.45,0.3,25.6,Nusinersen,8.01,21.5,24.4,27.7,28.3,29.5,2.9,6.2,6.8,True
SMA2_091,Type 2,3,9.9,2.19,12.09,2.76,24.6,HFMSE,37.29,-0.38,0.2,25.1,Risdiplam,6.82,24.6,27.4,29.6,31.0,31.4,2.8,5.0,6.4,True
SMA2_092,Type 2,4,6.92,9.25,16.18,1.52,28.1,HFMSE,42.53,-1.68,1.2,9.7,Nusinersen,3.25,28.1,29.4,30.5,31.0,31.4,1.3,2.4,2.9,True
SMA2_093,Type 2,3,6.0,5.09,11.09,2.0,24.9,HFMSE,37.67,0.3,3.5,12.8,Nusinersen,7.07,24.9,28.0,30.3,31.0,32.0,3.1,5.4,6.1,True
SMA2_094,Type 2,3,11.06,3.04,14.11,4.47,44.0,HFMSE,66.67,-1.16,0.6,8.7,Risdiplam,6.74,44.0,47.0,48.7,50.2,50.7,3.0,4.7,6.2,True
SMA2_095,Type 2,3,12.29,1.62,13.91,1.23,26.3,HFMSE,39.87,-0.42,2.0,18.6,Nusinersen,4.7,26.3,28.4,30.1,30.7,31.0,2.1,3.8,4.4,True
SMA2_096,Type 2,3,7.77,5.96,13.73,0.97,30.8,HFMSE,46.63,-2.1,1.6,29.9,Untreated,-1.58,30.8,30.2,29.5,29.4,29.2,-0.6,-1.3,-1.4,False
SMA2_097,Type 2,4,10.48,4.74,15.22,2.02,38.1,HFMSE,57.67,-0.75,4.0,21.6,Risdiplam,2.79,38.1,39.3,40.2,40.6,40.9,1.2,2.1,2.5,False
SMA2_098,Type 2,3,17.5,4.25,21.75,1.12,24.8,HFMSE,37.51,-1.47,2.6,24.3,Nusinersen,6.62,24.8,27.9,29.7,30.8,31.4,3.1,4.9,6.0,True
SMA2_099,Type 2,3,14.46,0.88,15.34,2.41,42.2,HFMSE,64.0,-2.49,1.3,22.6,Risdiplam,4.22,42.2,44.1,45.6,46.1,46.4,1.9,3.4,3.9,True
SMA2_100,Type 2,4,6.0,12.07,18.07,3.43,34.4,HFMSE,52.11,0.09,1.6,16.0,Nusinersen,2.25,34.4,35.6,36.1,36.4,36.6,1.2,1.7,2.0,False
SMA2_101,Type 2,3,6.89,1.9,8.79,1.64,36.3,HFMSE,55.05,1.08,3.4,24.7,Onasemnogene,5.95,36.3,39.1,41.0,41.7,42.2,2.8,4.7,5.4,True
SMA2_102,Type 2,4,9.22,4.51,13.73,1.79,39.6,HFMSE,60.07,0.62,0.8,22.0,Nusinersen,3.8,39.6,41.5,42.5,43.0,43.4,1.9,2.9,3.4,True
SMA2_103,Type 2,3,10.15,4.05,14.2,1.55,29.3,HFMSE,44.39,0.21,0.6,27.5,Risdiplam,9.01,29.3,32.0,36.7,37.0,38.3,2.7,7.4,7.7,True
SMA2_104,Type 2,3,10.59,7.5,18.08,2.06,30.4,HFMSE,46.1,-0.77,0.0,12.3,Nusinersen,9.24,30.4,34.3,37.6,39.0,39.6,3.9,7.2,8.6,True
SMA2_105,Type 2,3,11.94,1.63,13.58,1.14,30.6,HFMSE,46.32,0.33,2.6,2.1,Nusinersen,6.99,30.6,33.4,36.1,37.3,37.6,2.8,5.5,6.7,True
SMA2_106,Type 2,3,9.36,6.99,16.35,1.72,20.2,HFMSE,30.68,0.7,2.4,24.4,Risdiplam,3.97,20.2,21.8,23.3,23.7,24.2,1.6,3.1,3.5,True
SMA2_107,Type 2,4,9.89,5.98,15.86,2.32,33.6,HFMSE,50.98,-0.28,0.2,18.8,Risdiplam,0.24,33.6,33.7,33.8,33.8,33.8,0.1,0.2,0.2,False
SMA2_108,Type 2,3,14.79,3.45,18.24,1.98,34.2,HFMSE,51.86,-1.47,1.3,13.6,Nusinersen,2.81,34.2,35.4,36.3,36.7,37.0,1.2,2.1,2.5,False
SMA2_109,Type 2,3,11.16,6.85,18.01,1.18,32.0,HFMSE,48.56,-0.85,0.9,14.1,Nusinersen,2.8,32.0,32.9,34.2,34.5,34.8,0.9,2.2,2.5,False
SMA2_110,Type 2,3,6.0,5.4,11.4,2.11,24.5,HFMSE,37.11,1.13,0.2,36.4,Risdiplam,2.99,24.5,25.8,26.8,27.3,27.5,1.3,2.3,2.8,False
SMA2_111,Type 2,3,10.3,13.66,23.96,0.74,21.7,HFMSE,32.83,-0.47,5.9,10.9,Onasemnogene,0.66,21.7,22.0,22.2,22.3,22.4,0.3,0.5,0.6,False
SMA2_112,Type 2,3,9.23,4.73,13.96,1.21,26.5,HFMSE,40.22,-3.39,0.4,9.2,Nusinersen,8.62,26.5,29.9,33.7,34.3,35.1,3.4,7.2,7.8,True
SMA2_113,Type 2,4,6.0,2.78,8.78,3.48,38.2,HFMSE,57.84,-1.72,0.1,16.7,Nusinersen,5.93,38.2,40.8,42.9,43.2,44.1,2.6,4.7,5.0,True
SMA2_114,Type 2,3,10.54,7.03,17.57,2.13,28.9,HFMSE,43.85,-0.78,1.4,25.4,Nusinersen,3.91,28.9,30.6,31.9,32.3,32.8,1.7,3.0,3.4,True
SMA2_115,Type 2,3,6.0,4.37,10.37,1.04,26.6,HFMSE,40.27,0.53,2.0,34.2,Onasemnogene,4.47,26.6,28.7,29.9,30.4,31.1,2.1,3.3,3.8,True
SMA2_116,Type 2,3,14.89,5.33,20.22,1.24,28.2,HFMSE,42.79,-0.65,0.0,21.3,Nusinersen,7.13,28.2,30.8,33.7,34.7,35.3,2.6,5.5,6.5,True
SMA2_117,Type 2,3,11.87,2.2,14.07,1.33,34.9,HFMSE,52.84,0.55,1.6,5.8,Nusinersen,4.53,34.9,36.8,38.4,39.1,39.4,1.9,3.5,4.2,True
SMA2_118,Type 2,3,6.0,7.56,13.56,1.18,27.9,HFMSE,42.32,-0.87,1.1,31.8,Risdiplam,1.81,27.9,28.7,29.1,29.5,29.7,0.8,1.2,1.6,False
SMA2_119,Type 2,3,14.59,3.94,18.53,1.3,28.1,HFMSE,42.55,-2.17,0.2,15.8,Nusinersen,1.04,28.1,28.6,29.0,29.0,29.1,0.5,0.9,0.9,False
SMA2_120,Type 2,4,17.5,6.25,23.75,1.51,40.1,HFMSE,60.75,-0.84,0.3,9.3,Risdiplam,2.92,40.1,41.4,42.2,42.7,43.0,1.3,2.1,2.6,False
SMA2_121,Type 2,3,8.71,15.55,24.26,1.13,24.6,HFMSE,37.29,-0.09,1.3,7.4,Nusinersen,-0.05,24.6,24.6,24.6,24.6,24.6,0.0,0.0,0.0,False
SMA2_122,Type 2,3,9.2,4.57,13.77,2.2,28.4,HFMSE,43.05,-0.16,0.5,22.7,Nusinersen,9.16,28.4,32.1,35.4,36.7,37.6,3.7,7.0,8.3,True
SMA2_123,Type 2,3,13.96,8.15,22.11,1.71,19.2,HFMSE,29.04,-1.53,4.2,17.9,Nusinersen,8.48,19.2,22.5,26.3,26.3,27.7,3.3,7.1,7.1,True
SMA2_124,Type 2,4,16.99,4.76,21.75,2.52,29.7,HFMSE,45.07,-0.72,2.6,18.8,Risdiplam,2.47,29.7,30.8,31.6,32.0,32.2,1.1,1.9,2.3,False
SMA2_125,Type 2,3,6.0,3.48,9.48,1.14,31.0,HFMSE,46.95,2.02,6.2,26.3,Nusinersen,1.98,31.0,31.8,32.6,32.8,33.0,0.8,1.6,1.8,False
SMA2_126,Type 2,3,6.0,10.92,16.92,3.49,25.8,HFMSE,39.03,-1.51,0.5,9.6,Risdiplam,1.89,25.8,26.7,27.3,27.4,27.7,0.9,1.5,1.6,False
SMA2_127,Type 2,3,8.05,1.26,9.32,2.79,27.6,HFMSE,41.78,0.19,5.2,26.9,Risdiplam,5.55,27.6,30.0,31.6,32.5,33.2,2.4,4.0,4.9,True
SMA2_128,Type 2,3,8.47,9.35,17.81,2.3,22.5,HFMSE,34.08,-2.29,0.8,11.8,Risdiplam,3.7,22.5,23.9,25.3,25.6,26.2,1.4,2.8,3.1,True
SMA2_129,Type 2,3,13.78,1.14,14.92,2.71,29.0,HFMSE,43.97,0.38,0.6,33.3,Nusinersen,6.78,29.0,32.0,34.1,34.8,35.8,3.0,5.1,5.8,True
SMA2_130,Type 2,3,17.03,8.81,25.84,3.28,33.8,HFMSE,51.2,-1.2,0.1,20.8,Nusinersen,3.42,33.8,35.1,36.3,36.9,37.2,1.3,2.5,3.1,True
SMA2_131,Type 2,3,17.5,5.38,22.88,1.69,26.1,HFMSE,39.49,-0.04,0.1,8.6,Nusinersen,7.13,26.1,29.4,31.6,32.6,33.2,3.3,5.5,6.5,True
SMA2_132,Type 2,3,6.0,2.79,8.79,1.29,20.3,HFMSE,30.81,-1.56,1.8,0.0,Nusinersen,4.24,20.3,21.8,23.5,24.2,24.5,1.5,3.2,3.9,True
SMA2_133,Type 2,4,6.58,4.11,10.69,2.4,34.9,HFMSE,52.86,-0.14,0.9,22.5,Nusinersen,7.76,34.9,38.6,41.0,41.9,42.7,3.7,6.1,7.0,True
SMA2_134,Type 2,4,6.0,7.9,13.9,2.61,34.2,HFMSE,51.8,-1.22,0.4,13.0,Risdiplam,1.54,34.2,34.9,35.4,35.6,35.7,0.7,1.2,1.4,False
SMA2_135,Type 2,3,7.35,14.74,22.09,1.82,19.2,HFMSE,29.1,-1.04,1.4,14.8,Nusinersen,7.14,19.2,22.1,24.4,25.6,26.3,2.9,5.2,6.4,True
SMA2_136,Type 2,3,6.57,1.68,8.25,1.8,35.2,HFMSE,53.27,-0.0,0.4,22.1,Nusinersen,9.63,35.2,39.6,42.8,43.7,44.8,4.4,7.6,8.5,True
SMA2_137,Type 2,3,11.85,2.9,14.76,1.15,24.6,HFMSE,37.27,-0.79,1.3,24.1,Nusinersen,5.79,24.6,27.2,28.9,29.5,30.4,2.6,4.3,4.9,True
SMA2_138,Type 2,3,12.49,2.06,14.55,1.53,33.9,HFMSE,51.38,-0.06,0.7,25.8,Risdiplam,2.85,33.9,35.3,35.7,36.4,36.8,1.4,1.8,2.5,False
SMA2_139,Type 2,3,9.83,4.74,14.57,3.29,35.0,HFMSE,53.06,-0.57,2.6,6.6,Nusinersen,1.37,35.0,35.7,36.0,36.3,36.4,0.7,1.0,1.3,False
SMA2_140,Type 2,3,9.4,8.95,18.35,1.63,29.2,HFMSE,44.19,-0.34,2.6,27.4,Risdiplam,4.85,29.2,31.3,32.8,33.8,34.0,2.1,3.6,4.6,True
SMA2_141,Type 2,3,8.22,1.86,10.07,1.82,23.9,HFMSE,36.14,0.0,1.0,11.4,Nusinersen,7.4,23.9,26.7,29.6,30.7,31.3,2.8,5.7,6.8,True
SMA2_142,Type 2,3,8.67,5.29,13.97,1.27,26.1,HFMSE,39.58,-0.72,0.6,0.0,Onasemnogene,8.04,26.1,29.3,32.9,33.7,34.1,3.2,6.8,7.6,True
SMA2_143,Type 2,3,17.5,8.79,26.29,1.26,23.3,HFMSE,35.23,-1.3,0.7,6.6,Onasemnogene,9.54,23.3,27.3,31.3,31.9,32.8,4.0,8.0,8.6,True
SMA2_144,Type 2,3,13.31,4.07,17.39,3.07,24.7,HFMSE,37.35,-0.88,2.5,17.7,Nusinersen,4.17,24.7,26.7,27.8,28.7,28.9,2.0,3.1,4.0,True
SMA2_145,Type 2,3,8.36,6.01,14.37,1.95,32.8,HFMSE,49.64,0.68,0.6,8.2,Nusinersen,0.54,32.8,33.0,33.2,33.3,33.3,0.2,0.4,0.5,False
SMA2_146,Type 2,3,9.32,10.47,19.79,2.17,21.2,HFMSE,32.05,-0.3,0.4,15.3,Nusinersen,3.39,21.2,22.6,23.9,24.1,24.6,1.4,2.7,2.9,True
SMA2_147,Type 2,3,11.97,2.54,14.52,1.64,25.4,HFMSE,38.42,-1.16,0.1,18.7,Nusinersen,9.4,25.4,30.2,32.4,33.9,34.8,4.8,7.0,8.5,True
SMA2_148,Type 2,3,6.0,1.38,7.38,2.04,25.2,HFMSE,38.22,-0.04,0.9,14.5,Risdiplam,5.21,25.2,27.4,29.2,29.9,30.4,2.2,4.0,4.7,True
SMA2_149,Type 2,3,10.46,6.45,16.91,1.2,28.2,HFMSE,42.78,0.02,1.0,12.0,Risdiplam,3.62,28.2,29.6,30.9,31.4,31.8,1.4,2.7,3.2,True
SMA2_150,Type 2,3,12.99,6.55,19.54,2.04,19.6,HFMSE,29.63,0.07,2.8,6.0,Risdiplam,8.06,19.6,23.3,25.8,27.0,27.7,3.7,6.2,7.4,True
SMA2_151,Type 2,3,12.25,3.9,16.15,1.55,30.4,HFMSE,46.05,-1.28,0.4,16.2,Risdiplam,0.61,30.4,30.7,30.8,30.9,31.0,0.3,0.4,0.5,False
SMA2_152,Type 2,3,6.64,3.42,10.06,1.59,32.9,HFMSE,49.91,-1.01,0.7,0.0,Nusinersen,5.35,32.9,34.8,37.2,37.6,38.2,1.9,4.3,4.7,True
SMA2_153,Type 2,4,7.24,5.45,12.69,2.43,36.7,HFMSE,55.6,-1.01,2.5,10.5,Nusinersen,2.88,36.7,38.1,38.8,39.3,39.6,1.4,2.1,2.6,False
SMA2_154,Type 2,4,6.0,2.51,8.51,4.08,44.0,HFMSE,66.67,-0.72,2.6,8.6,Risdiplam,5.08,44.0,45.9,48.0,48.8,49.1,1.9,4.0,4.8,True
SMA2_155,Type 2,4,13.6,2.51,16.11,1.66,37.3,HFMSE,56.46,0.09,0.7,14.1,Nusinersen,7.35,37.3,40.4,42.5,44.0,44.6,3.1,5.2,6.7,True
SMA2_156,Type 2,3,17.5,7.87,25.37,2.45,22.9,HFMSE,34.68,-0.13,0.9,14.3,Risdiplam,4.33,22.9,24.7,26.3,26.9,27.2,1.8,3.4,4.0,True
SMA2_157,Type 2,3,6.19,2.39,8.59,1.42,35.0,HFMSE,53.01,-0.06,0.5,23.7,Nusinersen,2.45,35.0,36.1,36.8,37.2,37.4,1.1,1.8,2.2,False
SMA2_158,Type 2,4,15.69,1.45,17.14,2.17,33.3,HFMSE,50.52,0.82,4.0,28.7,Nusinersen,6.24,33.3,35.2,38.1,39.0,39.5,1.9,4.8,5.7,True
SMA2_159,Type 2,3,17.5,3.41,20.91,1.08,25.9,HFMSE,39.2,0.22,0.2,7.1,Untreated,1.21,25.9,26.4,26.9,26.9,27.1,0.5,1.0,1.0,False
SMA2_160,Type 2,3,7.84,3.96,11.79,1.36,25.1,HFMSE,37.96,-0.53,4.1,31.9,Nusinersen,6.23,25.1,28.1,29.8,30.6,31.3,3.0,4.7,5.5,True
SMA2_161,Type 2,3,9.33,6.99,16.32,1.55,27.9,HFMSE,42.29,-1.47,1.7,9.8,Untreated,0.57,27.9,28.2,28.3,28.4,28.5,0.3,0.4,0.5,False
SMA2_162,Type 2,3,11.0,3.61,14.61,1.11,23.5,HFMSE,35.56,-1.04,1.1,17.4,Untreated,-1.82,23.5,22.8,22.1,21.9,21.7,-0.7,-1.4,-1.6,False
SMA2_163,Type 2,4,12.08,11.46,23.54,1.85,29.0,HFMSE,43.95,-0.64,0.0,20.1,Risdiplam,4.44,29.0,31.1,32.2,32.9,33.4,2.1,3.2,3.9,True
SMA2_164,Type 2,3,11.26,5.62,16.88,3.33,25.4,HFMSE,38.56,0.35,1.0,35.6,Risdiplam,3.89,25.4,26.9,28.3,28.9,29.3,1.5,2.9,3.5,True
SMA2_165,Type 2,3,8.13,3.11,11.23,1.18,32.5,HFMSE,49.22,-0.42,0.8,11.7,Risdiplam,2.76,32.5,33.6,34.6,35.0,35.3,1.1,2.1,2.5,False
SMA2_166,Type 2,3,12.9,6.82,19.72,2.23,30.9,HFMSE,46.89,-0.99,0.3,1.6,Onasemnogene,6.45,30.9,33.5,36.2,36.9,37.4,2.6,5.3,6.0,True
SMA2_167,Type 2,3,8.22,11.35,19.56,1.22,20.4,HFMSE,30.9,-1.06,1.6,27.9,Nusinersen,5.27,20.4,22.6,24.4,25.0,25.7,2.2,4.0,4.6,True
SMA2_168,Type 2,4,11.61,7.75,19.36,2.35,30.0,HFMSE,45.53,-0.46,5.3,9.3,Nusinersen,1.63,30.0,30.8,31.2,31.5,31.6,0.8,1.2,1.5,False
SMA2_169,Type 2,3,9.67,1.78,11.44,1.4,31.4,HFMSE,47.51,0.4,1.2,13.1,Risdiplam,4.36,31.4,33.3,34.8,35.2,35.8,1.9,3.4,3.8,True
SMA2_170,Type 2,3,6.0,4.18,10.18,1.19,22.5,HFMSE,34.13,1.03,1.9,7.1,Nusinersen,5.09,22.5,24.6,26.4,27.2,27.6,2.1,3.9,4.7,True
SMA2_171,Type 2,4,16.71,6.19,22.9,1.61,31.7,HFMSE,48.09,-0.59,0.1,13.1,Nusinersen,8.31,31.7,35.6,38.2,39.5,40.0,3.9,6.5,7.8,True
SMA2_172,Type 2,3,7.34,7.57,14.91,0.96,29.2,HFMSE,44.17,-0.44,0.8,9.3,Nusinersen,4.43,29.2,30.9,32.8,33.3,33.6,1.7,3.6,4.1,True
SMA2_173,Type 2,3,17.45,4.76,22.21,1.19,21.7,HFMSE,32.84,-1.49,0.2,21.4,Risdiplam,1.77,21.7,22.4,23.0,23.3,23.5,0.7,1.3,1.6,False
SMA2_174,Type 2,3,15.41,4.35,19.77,2.01,30.3,HFMSE,45.84,1.35,1.4,16.6,Risdiplam,4.4,30.3,32.4,33.1,34.3,34.7,2.1,2.8,4.0,True
SMA2_175,Type 2,3,10.85,13.61,24.46,2.58,26.1,HFMSE,39.61,-1.66,4.2,10.6,Nusinersen,1.2,26.1,26.6,27.0,27.2,27.3,0.5,0.9,1.1,False
SMA2_176,Type 2,3,12.36,7.82,20.18,2.4,27.0,HFMSE,40.95,0.65,1.6,24.0,Onasemnogene,1.6,27.0,27.6,28.3,28.4,28.6,0.6,1.3,1.4,False
SMA2_177,Type 2,3,13.03,6.83,19.86,1.97,24.3,HFMSE,36.79,-0.73,0.1,18.0,Risdiplam,3.74,24.3,25.6,27.1,27.6,28.0,1.3,2.8,3.3,True
SMA2_178,Type 2,3,8.93,3.71,12.64,1.16,32.3,HFMSE,48.97,-0.94,0.7,1.2,Risdiplam,3.64,32.3,33.9,35.0,35.6,35.9,1.6,2.7,3.3,True
SMA2_179,Type 2,3,9.13,2.49,11.62,1.41,24.7,HFMSE,37.49,-1.4,1.2,23.4,Risdiplam,5.45,24.7,26.6,29.1,29.4,30.2,1.9,4.4,4.7,True
SMA2_180,Type 2,4,12.75,6.9,19.65,1.76,22.1,HFMSE,33.44,1.77,0.8,17.5,Risdiplam,3.92,22.1,23.7,25.1,25.9,26.0,1.6,3.0,3.8,True
SMA2_181,Type 2,3,9.72,8.3,18.02,1.13,26.6,HFMSE,40.3,-0.2,2.7,27.1,Nusinersen,6.7,26.6,29.8,31.1,32.6,33.3,3.2,4.5,6.0,True
SMA2_182,Type 2,3,8.14,5.32,13.46,1.64,20.7,HFMSE,31.39,-0.38,2.5,17.0,Risdiplam,4.16,20.7,22.6,23.6,24.5,24.9,1.9,2.9,3.8,True
SMA2_183,Type 2,3,6.7,7.83,14.52,1.58,28.5,HFMSE,43.17,0.4,1.4,9.7,Nusinersen,3.31,28.5,29.6,31.1,31.5,31.8,1.1,2.6,3.0,True
SMA2_184,Type 2,3,11.77,7.94,19.71,1.28,30.7,HFMSE,46.59,-0.99,0.7,14.4,Onasemnogene,3.54,30.7,32.2,33.4,33.8,34.2,1.5,2.7,3.1,True
SMA2_185,Type 2,3,7.22,8.61,15.84,1.25,26.7,HFMSE,40.49,-0.4,0.4,22.4,Untreated,-2.52,26.7,25.7,24.6,24.6,24.2,-1.0,-2.1,-2.1,False
SMA2_186,Type 2,4,14.26,1.75,16.01,3.22,44.0,HFMSE,66.6,-0.35,0.2,9.8,Nusinersen,5.39,44.0,45.9,47.9,49.0,49.4,1.9,3.9,5.0,True
SMA2_187,Type 2,4,14.79,4.25,19.04,2.93,44.0,HFMSE,66.67,-0.86,0.7,12.5,Nusinersen,3.94,44.0,45.7,46.9,47.7,47.9,1.7,2.9,3.7,True
SMA2_188,Type 2,3,12.32,7.14,19.46,1.25,29.3,HFMSE,44.37,0.68,0.8,14.2,Risdiplam,3.38,29.3,30.6,31.7,32.3,32.7,1.3,2.4,3.0,True
SMA2_189,Type 2,4,13.47,5.5,18.97,3.69,39.4,HFMSE,59.72,-0.6,1.7,6.8,Nusinersen,1.93,39.4,40.2,40.8,41.0,41.3,0.8,1.4,1.6,False
SMA2_190,Type 2,3,12.33,7.96,20.29,3.63,39.3,HFMSE,59.52,-1.8,1.6,9.9,Onasemnogene,2.75,39.3,40.5,41.2,41.7,42.0,1.2,1.9,2.4,False
SMA2_191,Type 2,3,13.9,6.83,20.73,1.28,33.5,HFMSE,50.79,-0.67,0.1,17.4,Nusinersen,4.92,33.5,35.4,37.2,37.8,38.4,1.9,3.7,4.3,True
SMA2_192,Type 2,3,13.64,0.94,14.57,1.56,37.9,HFMSE,57.5,-0.18,0.8,25.6,Nusinersen,4.98,37.9,40.0,41.7,42.3,42.9,2.1,3.8,4.4,True
SMA2_193,Type 2,4,11.48,9.78,21.26,1.94,27.5,HFMSE,41.67,-1.2,0.3,18.5,Untreated,-0.97,27.5,27.1,26.8,26.6,26.5,-0.4,-0.7,-0.9,False
SMA2_194,Type 2,3,15.5,3.92,19.42,3.59,26.7,HFMSE,40.39,-1.13,0.3,15.6,Risdiplam,6.3,26.7,29.2,32.0,32.4,33.0,2.5,5.3,5.7,True
SMA2_195,Type 2,3,9.08,2.98,12.06,2.96,29.3,HFMSE,44.44,-0.89,2.6,9.3,Risdiplam,6.99,29.3,32.6,35.1,35.4,36.3,3.3,5.8,6.1,True
SMA2_196,Type 2,3,6.79,9.6,16.39,0.91,25.5,HFMSE,38.64,0.7,0.1,24.8,Nusinersen,3.98,25.5,27.4,28.4,29.2,29.5,1.9,2.9,3.7,True
